Month,Day_of_week,Weekend,Cases,Deaths,Hospitalizations,Positive_Rate,Partially_Vaccinated,Fully_Vaccinated,Stringency_Index,Per_Reduction
9,2,0,0,0,0,0.002,0,0,60.19,-0.654561559
10,5,0,1,0,0,0.007,0,0,54.63,-0.26040744
11,3,0,1,0,0,0.0138,0,0,57.87,-0.145261293
12,3,0,5,0,0,0.0241,0.0008,0,68.06,-0.273693534
12,4,0,0,0,0,0.0245,0.0009,0,68.06,-0.375553587
1,5,0,6,1,0,0.032,0.028,0.0022,83.33,-0.397697077
1,6,1,4,1,1,0.0294,0.0284,0.0022,83.33,-0.658074698